model_name,feature,attribution_mean_abs,attribution_signed_mean,rank
fair_concat_mlp,R_Amp_V5,0.058818574994802475,0.00845830449834466,1
fair_concat_mlp,R_Amp_V6,0.05185496583580971,0.009492630790919065,2
fair_concat_mlp,R_Amp_aVL,0.050998803693801165,-0.011775631457567215,3
fair_concat_mlp,R_Amp_I,0.047784626483917236,0.0020163646986475214,4
fair_concat_mlp,T_Amp_V2,0.04722678288817406,-0.003978344053030014,5
fair_concat_mlp,R_Amp_V4,0.04522769711911678,0.004428728483617306,6
fair_concat_mlp,P_Morph_V2_iqr,0.044016008265316486,-0.008629750926047564,7
fair_concat_mlp,P_Amp_aVL_iqr,0.04362734034657478,-0.0033485665917396545,8
fair_concat_mlp,R_Amp_V1,0.04314781973759333,-0.005642290847996871,9
fair_concat_mlp,S_Amp_V5,0.04257314279675484,0.0048354207538068295,10
fair_concat_mlp,P_Amp_II,0.042034924030303955,0.009020830504596233,11
fair_concat_mlp,P_Amp_aVF,0.039899421855807304,0.0018417704850435257,12
fair_concat_mlp,P_Amp_III_iqr,0.03820144385099411,-0.033821556717157364,13
fair_concat_mlp,QRS_Dur_V4_iqr,0.03769687935709953,0.009377794340252876,14
fair_concat_mlp,QRS_Dur_V1,0.037134469486773014,-0.0015659368364140391,15
fair_concat_mlp,S_Amp_III,0.036708221212029456,0.013475893810391427,16
fair_concat_mlp,P_DurFull_V3_iqr,0.0357849751599133,-0.001158546336228028,17
fair_concat_mlp,T_Amp_aVR,0.035674710758030415,0.0024854436051100492,18
fair_concat_mlp,QRS_Dur_Global_iqr,0.0348464036360383,0.0040007977513596416,19
fair_concat_mlp,QRS_Dur_III_iqr,0.03450379520654678,-0.0018782345578074455,20
fair_concat_mlp,T_Amp_aVF_iqr,0.03430507952968279,0.010518285756309828,21
fair_concat_mlp,QT_IntCorr_V2,0.034217264503240585,0.0013227785238996148,22
fair_concat_mlp,P_Amp_II_iqr,0.03402436152100563,-0.028059260919690132,23
fair_concat_mlp,QT_Int_V5_iqr,0.033336808905005455,-0.004967822227627039,24
fair_concat_mlp,Q_Amp_V3,0.03312954306602478,-0.005495840683579445,25
fair_concat_mlp,ST_Elev_V5_iqr,0.03253631666302681,0.011104623787105083,26
fair_concat_mlp,P_Morph_III_iqr,0.0324917808175087,0.0008894060738384724,27
fair_concat_mlp,PQ_Int_aVF,0.03249139478430152,0.007557464763522148,28
fair_concat_mlp,ST_Elev_V1,0.03243069816380739,-0.02323427703231573,29
fair_concat_mlp,T_DurFull_aVL_iqr,0.032185900025069714,-0.0016359775327146053,30
fair_concat_mlp,P_Morph_V2,0.03191768750548363,0.015212968923151493,31
fair_concat_mlp,HA__Global,0.031916952691972256,0.002584659494459629,32
fair_concat_mlp,P_DurFull_III,0.03189009241759777,0.0037677852087654173,33
fair_concat_mlp,P_DurFull_I,0.03169124200940132,-0.005605623126029968,34
fair_concat_mlp,QRS_Dur_aVR_iqr,0.031504382845014334,-0.0025735374947544187,35
fair_concat_mlp,R_Amp_aVR,0.031157984398305416,0.01959799835458398,36
fair_concat_mlp,R_Amp_III,0.03104224056005478,-0.00646055513061583,37
fair_concat_mlp,R_Amp_aVL_iqr,0.030939540825784206,-0.01594946696422994,38
fair_concat_mlp,S_Amp_III_iqr,0.030544180888682604,0.001143209170550108,39
fair_concat_mlp,S_Amp_V6,0.03054199181497097,0.004022122826427221,40
fair_concat_mlp,QRS_Dur_V1_iqr,0.030539025863011677,-0.003059724811464548,41
fair_concat_mlp,S_Amp_aVR,0.030246787704527378,-0.00714048626832664,42
fair_concat_mlp,PQ_Int_III,0.030190160498023033,0.0035341139882802963,43
fair_concat_mlp,QRS_Dur_V3_iqr,0.030141117051243782,-0.012353882193565369,44
fair_concat_mlp,R_Amp_V2,0.03012549690902233,0.0009014210663735867,45
fair_concat_mlp,P_DurFull_aVL_iqr,0.029955029487609863,-0.0008915495127439499,46
fair_concat_mlp,S_Amp_V2_iqr,0.029710110897819202,-0.006487274542450905,47
fair_concat_mlp,S_Amp_II_iqr,0.029485478065907955,0.024908624589443207,48
fair_concat_mlp,S_Amp_V3_iqr,0.029156384989619255,0.01898266188800335,49
fair_concat_mlp,QRS_Dur_I_iqr,0.02902672067284584,1.618172973394394e-05,50
fair_concat_mlp,Q_Amp_III_iqr,0.029001749431093533,-0.009491931026180586,51
fair_concat_mlp,T_Amp_aVL_iqr,0.028711615751187008,-0.00674771952132384,52
fair_concat_mlp,T_DurFull_V2_iqr,0.02857845090329647,-0.006510267034173012,53
fair_concat_mlp,P_Morph_aVL_iqr,0.028375832363963127,0.004377306322567165,54
fair_concat_mlp,R_Amp_V4_iqr,0.028304637409746647,-0.02007171604782343,55
fair_concat_mlp,P_Amp_V4,0.028145872056484222,0.006695424516995748,56
fair_concat_mlp,P_Amp_aVL,0.028052570298314095,0.011712297797203064,57
fair_concat_mlp,Q_Amp_aVL_iqr,0.02789315488189459,-0.010654950514435768,58
fair_concat_mlp,QRS_Dur_V6_iqr,0.027517694514244795,0.0008609124924987555,59
fair_concat_mlp,QT_IntCorr_V3,0.02736711874604225,0.0006607069226447493,60
fair_concat_mlp,Q_Amp_V2_iqr,0.02700800138215224,-0.0246913880109787,61
fair_concat_mlp,QT_IntCorr_V5_iqr,0.02697054110467434,0.011361983604729176,62
fair_concat_mlp,T_Amp_V2_iqr,0.02684413269162178,-0.019799405708909035,63
fair_concat_mlp,QRS_Dur_III,0.02666993997991085,-0.008980217389762402,64
fair_concat_mlp,PR_Int_V1_iqr,0.02660822682082653,0.01278261374682188,65
fair_concat_mlp,Q_Amp_aVL,0.02655524667352438,-0.0021210864651948214,66
fair_concat_mlp,R_Amp_V3,0.026487433662017185,0.0043506138026714325,67
fair_concat_mlp,S_Amp_aVF,0.02640771120786667,0.018013829365372658,68
fair_concat_mlp,QT_IntCorr_V4,0.02640351156393687,-0.0008386624976992607,69
fair_concat_mlp,S_Amp_V3,0.026230348274111748,-0.0027183189522475004,70
fair_concat_mlp,P_DurFull_V4,0.0261507797986269,0.012998105026781559,71
fair_concat_mlp,P_DurFull_V3,0.026077022776007652,0.002603845437988639,72
fair_concat_mlp,QRS_Dur_aVF_iqr,0.02603854052722454,-0.005411194171756506,73
fair_concat_mlp,QT_Int_V2,0.025490030646324158,0.004787457641214132,74
fair_concat_mlp,P_Amp_III,0.02525494744380315,0.0007860066834837198,75
fair_concat_mlp,S_Amp_aVL_iqr,0.025149156029025715,0.005721479033430417,76
fair_concat_mlp,QRS_Dur_aVL_iqr,0.02507389895617962,-0.016306398436427116,77
fair_concat_mlp,T_Amp_V3,0.02501064073294401,-9.768689051270485e-05,78
fair_concat_mlp,PQ_Int_I,0.024984704951445263,0.0064555685967206955,79
fair_concat_mlp,T_Amp_V4,0.024528542533516884,0.0038158868749936423,80
fair_concat_mlp,Q_Amp_V1,0.02452470362186432,-0.001379776163958013,81
fair_concat_mlp,P_Amp_aVF_iqr,0.024430783465504646,-0.021757498383522034,82
fair_concat_mlp,T_DurFull_aVL,0.024320408701896667,-0.01002624910324812,83
fair_concat_mlp,Q_Amp_V2,0.024318931624293327,-0.0032059880322776735,84
fair_concat_mlp,ST_Elev_V2,0.02429317682981491,0.006612333003431559,85
fair_concat_mlp,QT_IntCorr_V6,0.024151939898729324,-0.0013753221137449145,86
fair_concat_mlp,P_DurFull_V4_iqr,0.024151742458343506,0.010805685073137283,87
fair_concat_mlp,P_DurFull_V2,0.023846173658967018,0.004619464743882418,88
fair_concat_mlp,P_DurFull_V1,0.023843523114919662,0.006431864574551582,89
fair_concat_mlp,S_Amp_II,0.02379897329956293,-0.0005477390950545669,90
fair_concat_mlp,PR_Int_I,0.02358179787794749,0.0070675282428661985,91
fair_concat_mlp,S_Amp_V4_iqr,0.022999710403382778,-0.019220695830881596,92
fair_concat_mlp,Q_Amp_V4_iqr,0.022992199286818504,-0.01903505064547062,93
fair_concat_mlp,T_Amp_II,0.022914128378033638,0.004900646978057921,94
fair_concat_mlp,PR_Int_aVF,0.022891190834343433,0.005146477022208273,95
fair_concat_mlp,T_Amp_I_iqr,0.02286492846906185,-0.017341280356049538,96
fair_concat_mlp,PR_Int_II_iqr,0.022829076275229454,-0.011186085641384125,97
fair_concat_mlp,R_Amp_I_iqr,0.0228124987334013,-0.011717227287590504,98
fair_concat_mlp,QRS_Dur_aVF,0.022777066566050053,0.0028343740850687027,99
fair_concat_mlp,Q_Amp_III,0.02246282808482647,-0.004769364837557077,100
fair_concat_mlp,T_Amp_V1,0.02241251803934574,-0.0022200271487236023,101
fair_concat_mlp,Q_Amp_V4,0.022253306582570076,0.011051081120967865,102
fair_concat_mlp,PR_Int_V6_iqr,0.022208891808986664,-0.001835641567595303,103
fair_concat_mlp,QT_Int_V3,0.02219444513320923,0.0035432297736406326,104
fair_concat_mlp,QT_Int_Global_iqr,0.021988265216350555,-0.011881500482559204,105
fair_concat_mlp,PQ_Int_III_iqr,0.021887851879000664,-0.014512899331748486,106
fair_concat_mlp,Q_Amp_aVF_iqr,0.021859964355826378,-0.017177409026771784,107
fair_concat_mlp,QRS_Dur_I,0.021091947332024574,0.00801981519907713,108
fair_concat_mlp,T_DurFull_V6,0.021006150171160698,-0.0006416523247025907,109
fair_concat_mlp,P_DurFull_V5_iqr,0.02093643508851528,-0.0012405689485603943,110
fair_concat_mlp,PR_Int_V6,0.020891660824418068,0.016885196790099144,111
fair_concat_mlp,T_DurFull_V6_iqr,0.02056119777262211,0.0025136282201856375,112
fair_concat_mlp,QT_IntCorr_V3_iqr,0.02045242302119732,-0.0007761310553178191,113
fair_concat_mlp,PR_Int_I_iqr,0.020334353670477867,-0.006045576184988022,114
fair_concat_mlp,P_DurFull_II,0.020282210782170296,-0.015222347341477871,115
fair_concat_mlp,Q_Amp_I_iqr,0.01998278871178627,-0.014928781427443027,116
fair_concat_mlp,PQ_Int_V2,0.019957615062594414,0.003918597009032965,117
fair_concat_mlp,PR_Int_III_iqr,0.01985183171927929,-0.013780313543975353,118
fair_concat_mlp,QT_IntCorr_III_iqr,0.01963360793888569,-0.001938852947205305,119
fair_concat_mlp,ST_Elev_III_iqr,0.019617203623056412,-0.010746538639068604,120
fair_concat_mlp,P_DurFull_V6,0.01955718733370304,-0.0012824753066524863,121
fair_concat_mlp,PQ_Int_II,0.019300667569041252,0.014653347432613373,122
fair_concat_mlp,ST_Elev_aVR_iqr,0.019229654222726822,-0.0027848146855831146,123
fair_concat_mlp,QT_IntCorr_V6_iqr,0.018659206107258797,0.00563006242737174,124
fair_concat_mlp,PR_Int_V2,0.018371744081377983,-0.0026132427155971527,125
gated_fusion_mlp,R_Amp_V6,0.05291828513145447,0.016095848637633026,1
gated_fusion_mlp,R_Amp_V5,0.04498933367431164,0.00899288202635944,2
gated_fusion_mlp,P_Morph_V2_iqr,0.03735301718115806,-0.00658345827832818,3
gated_fusion_mlp,R_Amp_I,0.03514992445707321,0.0005765614720682303,4
gated_fusion_mlp,T_Amp_V4_iqr,0.03401876178880533,-0.011860700324177742,5
gated_fusion_mlp,S_Amp_V5,0.03390691801905632,0.004471203777939081,6
gated_fusion_mlp,R_Amp_aVL,0.03389710537157953,-0.005651558079989627,7
gated_fusion_mlp,S_Amp_aVR,0.03339910879731178,4.761510717798956e-05,8
gated_fusion_mlp,P_Amp_II,0.032838862389326096,0.00912979431450367,9
gated_fusion_mlp,R_Amp_V1,0.03250957210548222,-0.0010619094828143716,10
gated_fusion_mlp,S_Amp_V4_iqr,0.03071571545054515,0.005491865798830986,11
gated_fusion_mlp,R_Amp_aVL_iqr,0.0306802187114954,-0.020460346713662148,12
gated_fusion_mlp,P_Morph_V2,0.03050480131059885,0.005715016275644302,13
gated_fusion_mlp,R_Amp_V4,0.028874668292701244,0.005082797569533189,14
gated_fusion_mlp,T_Amp_V2,0.028162181144580245,0.00030054909620957915,15
gated_fusion_mlp,QRS_Dur_V3_iqr,0.027604475617408752,0.0024606678634881973,16
gated_fusion_mlp,S_Amp_III,0.027195524238049985,0.010457978490740061,17
gated_fusion_mlp,R_Amp_aVR,0.025147705804556608,0.005967298988252878,18
gated_fusion_mlp,S_Amp_V6,0.02434387616813183,0.0006252772291190922,19
gated_fusion_mlp,QT_IntCorr_V2,0.02418822981417179,0.002071961062029004,20
gated_fusion_mlp,QRS_Dur_V1,0.024091609753668308,-0.0020347158424556255,21
gated_fusion_mlp,P_Amp_aVF,0.023155693197622895,0.005762396031059325,22
gated_fusion_mlp,P_Amp_aVF_iqr,0.02256879396736622,-0.018761295825242996,23
gated_fusion_mlp,P_Amp_V4_iqr,0.022549125986794632,-0.006816723383963108,24
gated_fusion_mlp,P_DurFull_V3_iqr,0.0225337496958673,0.0020794988377019763,25
gated_fusion_mlp,PR_Int_V1_iqr,0.022479629144072533,0.015783363953232765,26
gated_fusion_mlp,P_DurFull_I,0.021867087110877037,-0.00028342855512164533,27
gated_fusion_mlp,T_DurFull_V5_iqr,0.02178192650899291,-0.0021382429404184222,28
gated_fusion_mlp,Q_Amp_V5,0.021715037524700165,0.0192465391010046,29
gated_fusion_mlp,R_Amp_V2,0.021527102682739496,-0.003807214554399252,30
gated_fusion_mlp,T_DurFull_aVR,0.021386967971920967,-0.0025106091052293777,31
gated_fusion_mlp,QT_Int_V2,0.021365704014897346,0.004429929424077272,32
gated_fusion_mlp,T_Amp_V4,0.021095343865454197,0.002319842576980591,33
gated_fusion_mlp,S_Amp_II,0.020881280303001404,0.007687530014663935,34
gated_fusion_mlp,Q_Amp_V6,0.02082644682377577,0.004688275512307882,35
gated_fusion_mlp,S_Amp_V2_iqr,0.020770436525344847,-0.006750743649899959,36
gated_fusion_mlp,QT_IntCorr_V3,0.020670227706432343,-0.0044613853096961975,37
gated_fusion_mlp,HA__Global,0.019639576226472853,-0.004747905489057303,38
gated_fusion_mlp,P_Morph_aVL,0.019540127366781235,0.0009048419306054711,39
gated_fusion_mlp,T_Amp_V3,0.019439375028014183,0.002867525132993857,40
gated_fusion_mlp,P_Amp_aVL,0.019165915437042713,0.00028613838367164135,41
gated_fusion_mlp,T_Amp_V3_iqr,0.01894591252009074,-0.0029916884377598763,42
gated_fusion_mlp,R_Amp_III,0.01883972156792879,-0.002081578131765127,43
gated_fusion_mlp,T_Amp_V1,0.018791502341628075,-0.002181809499840407,44
gated_fusion_mlp,Q_Amp_III_iqr,0.01875054370611906,-0.015416542533785105,45
gated_fusion_mlp,Q_Amp_V3_iqr,0.018378060311079025,0.001595937181264162,46
gated_fusion_mlp,S_Amp_aVL_iqr,0.018163882195949554,-0.004275883082300425,47
gated_fusion_mlp,S_Amp_V3_iqr,0.017765138298273087,0.014635395258665085,48
gated_fusion_mlp,P_DurFull_V3,0.017759828362613916,-0.00044458697084337473,49
gated_fusion_mlp,QRS_Dur_aVF,0.01767752505838871,0.0137923089787364,50
gated_fusion_mlp,P_Amp_V4,0.017659866251051426,0.004002639092504978,51
gated_fusion_mlp,P_Amp_III,0.017516933381557465,0.002866715658456087,52
gated_fusion_mlp,T_Amp_aVF_iqr,0.01728463980058829,0.0062037693957487745,53
gated_fusion_mlp,P_Amp_aVL_iqr,0.01720496080815792,-0.014730210416018963,54
gated_fusion_mlp,T_DurFull_I,0.017169948667287827,-0.007153071463108063,55
gated_fusion_mlp,QRS_Dur_aVR_iqr,0.01707067098468542,-0.005425760801881552,56
gated_fusion_mlp,P_Amp_V3_iqr,0.016803850885480642,0.002755673136562109,57
gated_fusion_mlp,Q_Amp_aVF_iqr,0.01674601621925831,-0.010350687429308891,58
gated_fusion_mlp,Q_Amp_V3,0.016738484613597393,0.004107703090994619,59
gated_fusion_mlp,T_Amp_V2_iqr,0.016738175647333264,-0.0060563364531844854,60
gated_fusion_mlp,QRS_Dur_V2,0.016567464917898178,-0.004021023865789175,61
gated_fusion_mlp,R_Amp_V3,0.01632133685052395,0.006925148889422417,62
gated_fusion_mlp,QT_Int_V5_iqr,0.01621290948241949,-0.003399129801740249,63
gated_fusion_mlp,ST_Elev_V5_iqr,0.01618323614820838,-0.0018868681509047747,64
gated_fusion_mlp,T_DurFull_III_iqr,0.016181157901883125,-0.00769801065325737,65
gated_fusion_mlp,Q_Amp_III,0.015973294153809547,-0.003123330185189843,66
gated_fusion_mlp,ST_Elev_V1,0.01594150997698307,-0.008625867078080773,67
gated_fusion_mlp,T_DurFull_V2,0.015842234482988715,-0.002671436232049018,68
gated_fusion_mlp,Q_Amp_V1,0.015728401020169258,-0.0003180002386216074,69
gated_fusion_mlp,QRS_Dur_III,0.015483985655009747,-0.004068579990416765,70
gated_fusion_mlp,P_DurFull_V4,0.015459601767361164,0.006895566359162331,71
gated_fusion_mlp,ST_Elev_III_iqr,0.015431561507284641,0.008043241687119007,72
gated_fusion_mlp,T_Amp_aVF,0.015427501406520605,-0.0049888999201357365,73
gated_fusion_mlp,QRS_Dur_V1_iqr,0.015411436557769775,-0.005375360604375601,74
gated_fusion_mlp,T_DurFull_V2_iqr,0.015228576958179474,-0.0026527298614382744,75
gated_fusion_mlp,S_Amp_III_iqr,0.014982160646468401,-0.003800614271312952,76
gated_fusion_mlp,QT_Int_V6_iqr,0.014640199951827526,-0.006884327623993158,77
gated_fusion_mlp,R_Amp_V2_iqr,0.014592043124139309,-0.012939449399709702,78
gated_fusion_mlp,QRS_Dur_V6_iqr,0.014520173892378807,0.0020347408717498183,79
gated_fusion_mlp,QT_Int_Global_iqr,0.014356914907693863,-0.0081789530813694,80
gated_fusion_mlp,T_DurFull_V6,0.014317485503852367,-0.005982594797387719,81
gated_fusion_mlp,T_DurFull_V3,0.014247693121433258,-0.00408525625243783,82
gated_fusion_mlp,QRS_Dur_I_iqr,0.014172761235386133,0.0012793690257240087,83
gated_fusion_mlp,QT_IntCorr_V6,0.014115635305643082,-0.008636439451947808,84
gated_fusion_mlp,T_DurFull_V6_iqr,0.014030009197692076,-0.004100304252157609,85
gated_fusion_mlp,QT_Int_V6,0.013805128633975983,-0.006270377431064844,86
gated_fusion_mlp,PR_Int_I,0.013685883488506079,-0.0013752039521932602,87
gated_fusion_mlp,PR_Int_V3,0.013673498605688414,-0.00328656705096364,88
gated_fusion_mlp,QRS_Dur_Global_iqr,0.013622664846479893,0.003051823630812578,89
gated_fusion_mlp,QT_Int_I,0.01355519238859415,-0.0003949532110709697,90
gated_fusion_mlp,PR_Int_V2,0.013431765139102936,-0.0029541105323005468,91
gated_fusion_mlp,P_DurFull_V2_iqr,0.01335763931274414,0.010087015107274055,92
gated_fusion_mlp,PR_Int_aVF,0.01329931803047657,0.010207030922174454,93
gated_fusion_mlp,QT_IntCorr_V5_iqr,0.013120212281743685,0.0010065122817953427,94
gated_fusion_mlp,PQ_Int_aVF,0.013103963807225227,0.003529663779772818,95
gated_fusion_mlp,ST_Elev_V2,0.013094834052026272,-0.005312207620590925,96
gated_fusion_mlp,Q_Amp_aVL_iqr,0.013089952990412712,-0.010408515576273203,97
gated_fusion_mlp,Q_Amp_aVL,0.013083708472549915,-0.003343307413160801,98
gated_fusion_mlp,P_DurFull_III,0.01279585218677918,0.003309969149995595,99
gated_fusion_mlp,PQ_Int_I,0.012714344076812267,0.009953144006431103,100
gated_fusion_mlp,QT_IntCorr_V2_iqr,0.012691736221313477,-0.0008171282825060189,101
gated_fusion_mlp,QRS_Dur_aVL_iqr,0.012565878219902515,0.00618765689432621,102
gated_fusion_mlp,T_DurFull_aVL,0.012525635305792093,-0.003048187034437433,103
gated_fusion_mlp,P_DurFull_V1,0.01246283994987607,-0.0011264074128121138,104
gated_fusion_mlp,QRS_Dur_V4_iqr,0.01243564486503601,0.0015704664401710033,105
gated_fusion_mlp,QT_Int_V3_iqr,0.012311973609030247,-0.0027002673596143723,106
gated_fusion_mlp,QRS_Dur_aVF_iqr,0.012291892431676388,-0.007101438939571381,107
gated_fusion_mlp,ST_Elev_aVF,0.012149632908403873,0.004986263811588287,108
gated_fusion_mlp,P_DurFull_V5,0.012082751840353012,0.004321167711168528,109
gated_fusion_mlp,PQ_Int_V2,0.011614092625677586,-0.004568674601614475,110
gated_fusion_mlp,PR_Int_V1,0.011532681994140148,0.007590766530483961,111
gated_fusion_mlp,T_DurFull_aVL_iqr,0.011514034122228622,-0.0038737673312425613,112
gated_fusion_mlp,S_Amp_aVF_iqr,0.011374806053936481,0.010426162742078304,113
gated_fusion_mlp,P_DurFull_V1_iqr,0.011306439526379108,0.01093766838312149,114
gated_fusion_mlp,P_DurFull_V6_iqr,0.011303848586976528,-0.008696630597114563,115
gated_fusion_mlp,T_DurFull_V5,0.011300993151962757,-0.003650338388979435,116
gated_fusion_mlp,T_Amp_aVR,0.011245756410062313,-0.003565325168892741,117
gated_fusion_mlp,P_DurFull_V5_iqr,0.011026189662516117,0.0018092282116413116,118
gated_fusion_mlp,ST_Elev_V6_iqr,0.010999765247106552,0.003574710339307785,119
gated_fusion_mlp,P_DurFull_V2,0.010812316089868546,-0.0024375745560973883,120
gated_fusion_mlp,QT_Int_V2_iqr,0.010762077756226063,0.0011760053457692266,121
gated_fusion_mlp,T_Amp_I_iqr,0.010708538815379143,-0.007238473277539015,122
gated_fusion_mlp,P_DurFull_aVL_iqr,0.010445933789014816,-0.0016541434451937675,123
gated_fusion_mlp,QT_IntCorr_V4,0.010375911369919777,-0.006167455110698938,124
gated_fusion_mlp,T_Amp_aVL_iqr,0.010063515044748783,-0.009670446626842022,125
gated_fusion_mlp,PR_Int_V6,0.01003006100654602,0.008824997581541538,126
gated_fusion_mlp,PQ_Int_III,0.009952415712177753,0.0002785701653920114,127
structured_mlp,QRS_Dur_II,0.21592707931995392,-0.12166574597358704,1
structured_mlp,R_Amp_II,0.2090479165315628,-0.034268550621345636,2
structured_mlp,S_Amp_aVR,0.1962907314300537,-0.021559089422225952,3
structured_mlp,T_Amp_aVR,0.18968762271106243,-0.051277637016028166,4
structured_mlp,R_Amp_V5,0.18077058096726736,0.03634826218088468,5
structured_mlp,Q_Amp_V3,0.16878274828195572,0.014552533626556396,6
structured_mlp,PQ_Int_V1,0.16851749829947948,0.05072103347629309,7
structured_mlp,R_Amp_aVL,0.16284919437021017,-0.03697779797948897,8
structured_mlp,QRS_Dur_V1,0.15438644091288248,0.011136880765358606,9
structured_mlp,R_Amp_III,0.1540958946570754,-0.025232523723389022,10
structured_mlp,Q_Amp_aVF,0.15211333086093268,0.034402620047330856,11
structured_mlp,R_Amp_V1,0.14756086841225624,0.05183940567076206,12
structured_mlp,PQ_Int_aVL,0.14586609601974487,0.017839085310697556,13
structured_mlp,Q_Amp_V2,0.1433851532638073,0.04298053588718176,14
structured_mlp,R_Amp_aVR,0.13796268217265606,-0.00897391140460968,15
structured_mlp,QRS_Dur_I,0.13682315684854984,-0.003783030086196959,16
structured_mlp,Q_Amp_II,0.13670476277669272,0.027248192578554153,17
structured_mlp,PQ_Int_III,0.135418557561934,0.01489335484802723,18
structured_mlp,R_Amp_I,0.13333361595869064,0.008374596945941448,19
structured_mlp,PR_Int_V1,0.12982075288891792,-0.023663231171667576,20
structured_mlp,QRS_Dur_I_iqr,0.12811467051506042,0.004428545478731394,21
structured_mlp,PQ_Int_V2,0.1273373942822218,0.03720491658896208,22
structured_mlp,S_Amp_V2_iqr,0.12691013514995575,0.09034473448991776,23
structured_mlp,R_Amp_aVF,0.12475375086069107,-0.015083903446793556,24
structured_mlp,T_DurFull_V2,0.1221043411642313,-0.012124425149522722,25
structured_mlp,S_Amp_V1,0.12187508245309193,0.06301585460702579,26
structured_mlp,R_Amp_V6,0.12109107337892056,0.02145545557141304,27
structured_mlp,QRS_Dur_aVF,0.11826083809137344,0.003960851579904556,28
structured_mlp,PQ_Int_II,0.11754828318953514,-0.04001934174448252,29
structured_mlp,PR_Int_aVL,0.1175306960940361,-0.07270516455173492,30
structured_mlp,T_DurFull_aVF,0.11717936396598816,-0.002053644275292754,31
structured_mlp,Q_Amp_V1,0.11703330650925636,-0.005914068635320291,32
structured_mlp,S_Amp_aVF,0.1154498780767123,-0.0002342363198598226,33
structured_mlp,R_Amp_V2,0.11523554474115372,0.07653496414422989,34
structured_mlp,S_Amp_V2,0.11411174635092418,0.018248379230499268,35
structured_mlp,S_Amp_V6,0.11409773677587509,-0.015329870395362377,36
structured_mlp,T_Amp_aVF,0.11384477466344833,-0.021195903420448303,37
structured_mlp,T_DurFull_III,0.11327336728572845,-0.006966477259993553,38
structured_mlp,T_Amp_I,0.11145012825727463,-0.06134037673473358,39
structured_mlp,T_DurFull_V5_iqr,0.1107964739203453,-0.032740768045186996,40
structured_mlp,T_Amp_V1,0.10989883542060852,0.04083183780312538,41
structured_mlp,QRS_Dur_III,0.10957976803183556,-0.05071152187883854,42
structured_mlp,T_DurFull_aVR,0.10829204320907593,-0.010844610476245483,43
structured_mlp,HA__Global,0.10619489848613739,0.050800797529518604,44
structured_mlp,QRS_Dur_aVL,0.10611207038164139,-0.010600116103887558,45
structured_mlp,P_Dur_Global,0.10451243072748184,-0.03175538871437311,46
structured_mlp,P_DurFull_V3_iqr,0.10411442071199417,-0.00692208856344223,47
structured_mlp,P_Amp_aVL_iqr,0.10390853881835938,0.01263518383105596,48
structured_mlp,S_Amp_V4_iqr,0.10368568822741508,-0.0030376575887203217,49
structured_mlp,R_Amp_V4,0.10198017209768295,0.07025598734617233,50
structured_mlp,ST_Elev_V1,0.1013714149594307,-0.010667881928384304,51
structured_mlp,R_Amp_V3,0.10043247044086456,-0.01371869444847107,52
structured_mlp,Q_Amp_III,0.09916317214568456,0.014717591305573782,53
structured_mlp,T_DurFull_V4_iqr,0.09822497516870499,-0.07443874329328537,54
structured_mlp,S_Amp_III,0.09752126783132553,0.031378580878178276,55
structured_mlp,P_Morph_V2,0.09680109471082687,0.07840406894683838,56
structured_mlp,PQ_Int_aVR,0.09634816274046898,-0.005607090890407562,57
structured_mlp,QT_IntCorr_aVR,0.09613252431154251,0.010058355517685413,58
structured_mlp,QT_Int_aVF,0.09585129097104073,0.005524624953977764,59
structured_mlp,QRS_Dur_V1_iqr,0.09440826717764139,0.00795894325710833,60
structured_mlp,T_DurFull_aVL_iqr,0.09394883612791698,0.007110660895705223,61
structured_mlp,T_DurFull_V4,0.09160994738340378,-0.025753704831004143,62
structured_mlp,S_Amp_aVL_iqr,0.09057000651955605,0.020748079754412174,63
structured_mlp,T_DurFull_V3,0.09000995755195618,0.019187752157449722,64
structured_mlp,T_DurFull_V1,0.08959464604655902,0.007307850833361347,65
structured_mlp,T_Amp_II,0.08905112743377686,-0.02643127180635929,66
structured_mlp,P_DurFull_V4,0.08889702707529068,0.04550713300704956,67
structured_mlp,PQ_Int_I,0.0881730504333973,0.039230440743267536,68
structured_mlp,ST_Elev_aVR,0.0879344642162323,-0.042337801307439804,69
structured_mlp,QRS_Dur_V3,0.08787407726049423,-0.04732424020767212,70
structured_mlp,P_Amp_III_iqr,0.08625314384698868,0.07234783098101616,71
structured_mlp,T_DurFull_aVL,0.08625280857086182,-0.030706156976521015,72
structured_mlp,P_DurFull_aVF,0.08610260486602783,0.03671467676758766,73
structured_mlp,QT_IntCorr_aVF,0.08577112480998039,0.008602007292211056,74
structured_mlp,Q_Amp_aVL,0.08553081005811691,0.009914303198456764,75
structured_mlp,ST_Elev_V6,0.08539483696222305,-0.028284039348363876,76
structured_mlp,QRS_Dur_Global,0.08531409253676732,0.02403486395875613,77
structured_mlp,T_Dur_Global,0.0847874153405428,-0.011422233656048775,78
structured_mlp,Q_Amp_aVL_iqr,0.08472665399312973,-0.039438385516405106,79
structured_mlp,T_Amp_V6,0.08460533618927002,-0.03350471006706357,80
structured_mlp,QRS_Dur_aVR_iqr,0.0846002921462059,-0.0005120106507092714,81
structured_mlp,PQ_Int_V3,0.0831967368721962,-0.04085082188248634,82
structured_mlp,T_Amp_aVF_iqr,0.08150814846158028,-0.012338055297732353,83
structured_mlp,P_DurFull_V2,0.08117071073502302,0.002433139830827713,84
structured_mlp,QT_IntCorr_V2,0.08092666169007619,0.0039183798944577575,85
structured_mlp,P_Morph_V2_iqr,0.08061844110488892,-0.0414806492626667,86
structured_mlp,P_Amp_II,0.0797496810555458,-0.002528222743421793,87
structured_mlp,QRS_Dur_V6_iqr,0.07955863326787949,0.01940055377781391,88
structured_mlp,T_Amp_V2,0.07939666137099266,0.011874794960021973,89
structured_mlp,T_Amp_I_iqr,0.0792875587940216,-0.011910287663340569,90
structured_mlp,P_Amp_aVF,0.07897068560123444,0.0009668603597674519,91
structured_mlp,P_DurFull_III,0.07862389832735062,0.006676574237644672,92
structured_mlp,QRS_Dur_V5,0.07821192406117916,-0.04110257886350155,93
structured_mlp,P_Morph_aVL_iqr,0.07799739390611649,0.009354443289339542,94
structured_mlp,QT_Int_V5,0.07672977447509766,0.00043491707765497267,95
structured_mlp,P_DurFull_V5_iqr,0.07654791325330734,0.016188439214602113,96
structured_mlp,RR_Mean_Global,0.07560514658689499,-0.01612471416592598,97
structured_mlp,T_Amp_V4,0.07525108009576797,-0.0005822942475788295,98
structured_mlp,Q_Amp_aVR,0.07432863116264343,0.01389305479824543,99
structured_mlp,QT_Int_Global_iqr,0.07394390553236008,0.03727888688445091,100
structured_mlp,P_Amp_III,0.07312928885221481,0.021907871589064598,101
structured_mlp,T_DurFull_II_iqr,0.07297940800587337,0.0007269218331202865,102
structured_mlp,PR_Int_aVR,0.07205018401145935,-0.002003319561481476,103
structured_mlp,QT_Int_aVR,0.07194101810455322,0.019942643120884895,104
structured_mlp,T_Amp_V5,0.07038801163434982,-0.021170929074287415,105
structured_mlp,PQ_Int_Global,0.06991814449429512,-0.007537998259067535,106
structured_mlp,ST_Elev_I,0.06837034970521927,-0.022980084642767906,107
structured_mlp,Q_Amp_III_iqr,0.06657359004020691,-0.051390696316957474,108
structured_mlp,Q_Amp_V4,0.06593137234449387,-0.04050624743103981,109
structured_mlp,ST_Elev_V5,0.0657297745347023,-0.055916640907526016,110
structured_mlp,T_DurFull_V6,0.0655284896492958,-0.011414225213229656,111
structured_mlp,P_DurFull_aVR,0.06406048685312271,0.03632541745901108,112
structured_mlp,T_DurFull_II,0.06214446946978569,0.01165219396352768,113
structured_mlp,QT_Int_V6_iqr,0.06117093563079834,-0.040639717131853104,114
structured_mlp,T_DurFull_V5,0.059754857793450356,-0.02615037700161338,115
structured_mlp,QT_Int_III_iqr,0.059474002569913864,-0.011991184204816818,116
structured_mlp,P_Amp_V3,0.05884372070431709,-0.033244017511606216,117
structured_mlp,P_Morph_III_iqr,0.05863943696022034,0.007130383048206568,118
structured_mlp,T_DurFull_III_iqr,0.057703327387571335,-0.02170654945075512,119
